<?xml version="1.0" encoding="UTF-8"?>

<process name="leave2" xmlns="http://jbpm.org/4.4/jpdl">
   <start g="220,-7,48,48" name="开始">
      <transition g="-9,-7" name="申请" to="经办人"/>
   </start>
   <task assignee="#{ower}" g="197,74,92,52" name="经办人">
      <transition g="-9,-5" name="提交" to="判断角色"/>
   </task>
   <decision expr="#{ismanager=='2' ? '经理' : '经办人'}" g="220,167,48,48" name="判断角色">
      <transition g="-17,-6" name="经理" to="老板审批"/>
      <transition g="-10,-7" name="经办人" to="经理"/>
   </decision>
   <task assignee="#{manager}" g="80,213,92,52" name="经理">
      <transition g="-29,-15" name="批准" to="是否大于三天"/>
      <transition g="-46,-75" name="不批准" to="终止"/>
      <transition g="128,100:-16,78" name="驳回" to="经办人"/>
   </task>
   <decision expr="#{day > 3 ? '老板审批':'批准'}" g="217,283,48,48" name="是否大于三天">
      <transition g="-10,-9" name="批准" to="结束"/>
      <transition g="-44,4" name="老板审批" to="老板审批"/>
   </decision>
   <task assignee="#{boss}" g="328,210,92,52" name="老板审批">
      <transition g="8,-39" name="批准" to="结束"/>
      <transition g="5,-33" name="不批准" to="终止"/>
      <transition g="376,103:-12,70" name="驳回" to="经办人"/>
   </task>
   <end-cancel g="218,444,48,48" name="终止"/>
   <end g="217,376,48,48" name="结束"/>
</process>